{"type":"FeatureCollection","bbox":[0.0,0.0,-1.0,-1.0],"crs":{"type":"name","properties":{"name":"EPSG:4283"}},"features":[{"type":"Feature","properties":{"Incm_meas":34904.0,"LGA_Name":"Alpine (S)","ResPop":11880.0,"BsCI_sd":-1.63,"LGA2011":20110,"Econ_Rank":333.0,"Incm_rank":429.0,"Econ_SD":-0.12,"BuildApp":7353.0,"boundedBy":[146.5664631,-37.2755383,147.39225776,-36.39269459],"State":"Vic","BsCI_meas":3.07,"BsCI_rank":540.0,"BA_rank":274.0,"BA_meas":0.62,"Incm_sd":-0.08,"BA_sd":-0.15},"id":"RIA_2011_Economic_Indicators.153"},{"type":"Feature","properties":{"Incm_meas":35072.0,"LGA_Name":"Ararat (RC)","ResPop":11184.0,"BsCI_sd":0.93,"LGA2011":20260,"Econ_Rank":479.0,"Incm_rank":419.0,"Econ_SD":-0.19,"BuildApp":2341.0,"boundedBy":[142.35348022,-37.83658331,143.29129187,-37.14191142],"State":"Vic","BsCI_meas":3.6,"BsCI_rank":76.0,"BA_rank":465.0,"BA_meas":0.21,"Incm_sd":-0.08,"BA_sd":-0.3},"id":"RIA_2011_Economic_Indicators.154"},{"type":"Feature","properties":{"Incm_meas":39201.0,"LGA_Name":"Ballarat (C)","ResPop":93501.0,"BsCI_sd":0.93,"LGA2011":20570,"Econ_Rank":142.0,"Incm_rank":283.0,"Econ_SD":0.0,"BuildApp":111035.0,"boundedBy":[143.59499856,-37.71598647,143.95069549,-37.32168718],"State":"Vic","BsCI_meas":3.6,"BsCI_rank":76.0,"BA_rank":109.0,"BA_meas":1.19,"Incm_sd":-0.05,"BA_sd":0.05},"id":"RIA_2011_Economic_Indicators.155"},{"type":"Feature","properties":{"Incm_meas":48297.0,"LGA_Name":"Banyule (C)","ResPop":118308.0,"BsCI_sd":-0.08,"LGA2011":20660,"Econ_Rank":314.0,"Incm_rank":108.0,"Econ_SD":-0.11,"BuildApp":41074.0,"boundedBy":[145.02782771,-37.78508956,145.14370349,-37.68262416],"State":"Vic","BsCI_meas":3.4,"BsCI_rank":291.0,"BA_rank":401.0,"BA_meas":0.35,"Incm_sd":0.03,"BA_sd":-0.25},"id":"RIA_2011_Economic_Indicators.156"},{"type":"Feature","properties":{"Incm_meas":34378.0,"LGA_Name":"Bass Coast (S)","ResPop":29616.0,"BsCI_sd":-0.96,"LGA2011":20740,"Econ_Rank":150.0,"Incm_rank":449.0,"Econ_SD":-0.01,"BuildApp":37496.0,"boundedBy":[145.10944781,-38.67879995,145.81834774,-38.29133664],"State":"Vic","BsCI_meas":3.21,"BsCI_rank":453.0,"BA_rank":97.0,"BA_meas":1.27,"Incm_sd":-0.09,"BA_sd":0.07},"id":"RIA_2011_Economic_Indicators.157"},{"type":"Feature","properties":{"Incm_meas":40021.0,"LGA_Name":"Baw Baw (S)","ResPop":42863.0,"BsCI_sd":-0.96,"LGA2011":20830,"Econ_Rank":241.0,"Incm_rank":266.0,"Econ_SD":-0.07,"BuildApp":33550.0,"boundedBy":[145.70080237,-38.36005184,146.58727485,-37.57990759],"State":"Vic","BsCI_meas":3.21,"BsCI_rank":453.0,"BA_rank":212.0,"BA_meas":0.78,"Incm_sd":-0.04,"BA_sd":-0.1},"id":"RIA_2011_Economic_Indicators.158"},{"type":"Feature","properties":{"Incm_meas":65568.0,"LGA_Name":"Bayside (C)","ResPop":91813.0,"BsCI_sd":0.78,"LGA2011":20910,"Econ_Rank":50.0,"Incm_rank":26.0,"Econ_SD":0.19,"BuildApp":146359.0,"boundedBy":[144.98338166,-37.99644679,145.0552673,-37.88327352],"State":"Vic","BsCI_meas":3.57,"BsCI_rank":94.0,"BA_rank":65.0,"BA_meas":1.59,"Incm_sd":0.18,"BA_sd":0.19},"id":"RIA_2011_Economic_Indicators.159"},{"type":"Feature","properties":{"Incm_meas":36411.0,"LGA_Name":"Benalla (RC)","ResPop":13648.0,"BsCI_sd":-1.63,"LGA2011":21010,"Econ_Rank":417.0,"Incm_rank":368.0,"Econ_SD":-0.16,"BuildApp":5039.0,"boundedBy":[145.77543395,-36.925765,146.28080899,-36.25505163],"State":"Vic","BsCI_meas":3.07,"BsCI_rank":540.0,"BA_rank":389.0,"BA_meas":0.37,"Incm_sd":-0.07,"BA_sd":-0.24},"id":"RIA_2011_Economic_Indicators.160"},{"type":"Feature","properties":{"Incm_meas":61509.0,"LGA_Name":"Boroondara (C)","ResPop":159184.0,"BsCI_sd":-0.73,"LGA2011":21110,"Econ_Rank":61.0,"Incm_rank":31.0,"Econ_SD":0.12,"BuildApp":214129.0,"boundedBy":[144.99925792,-37.87594147,145.10672029,-37.77686118],"State":"Vic","BsCI_meas":3.26,"BsCI_rank":405.0,"BA_rank":84.0,"BA_meas":1.35,"Incm_sd":0.14,"BA_sd":0.1},"id":"RIA_2011_Economic_Indicators.161"},{"type":"Feature","properties":{"Incm_meas":41527.0,"LGA_Name":"Brimbank (C)","ResPop":182736.0,"BsCI_sd":-0.76,"LGA2011":21180,"Econ_Rank":346.0,"Incm_rank":231.0,"Econ_SD":-0.12,"BuildApp":78797.0,"boundedBy":[144.74441277,-37.82283158,144.88845984,-37.66291019],"State":"Vic","BsCI_meas":3.26,"BsCI_rank":412.0,"BA_rank":363.0,"BA_meas":0.43,"Incm_sd":-0.03,"BA_sd":-0.22},"id":"RIA_2011_Economic_Indicators.162"},{"type":"Feature","properties":{"Incm_meas":30953.0,"LGA_Name":"Buloke (S)","ResPop":6383.0,"BsCI_sd":-0.98,"LGA2011":21270,"Econ_Rank":448.0,"Incm_rank":542.0,"Econ_SD":-0.18,"BuildApp":2551.0,"boundedBy":[142.53528442,-36.49993866,143.5687319,-35.19282675],"State":"Vic","BsCI_meas":3.21,"BsCI_rank":470.0,"BA_rank":381.0,"BA_meas":0.4,"Incm_sd":-0.12,"BA_sd":-0.23},"id":"RIA_2011_Economic_Indicators.163"},{"type":"Feature","properties":{"Incm_meas":35774.0,"LGA_Name":"Campaspe (S)","ResPop":36364.0,"BsCI_sd":-0.98,"LGA2011":21370,"Econ_Rank":348.0,"Incm_rank":392.0,"Econ_SD":-0.13,"BuildApp":20067.0,"boundedBy":[144.25931123,-36.76261186,145.1575577,-35.88413895],"State":"Vic","BsCI_meas":3.21,"BsCI_rank":470.0,"BA_rank":301.0,"BA_meas":0.55,"Incm_sd":-0.08,"BA_sd":-0.18},"id":"RIA_2011_Economic_Indicators.164"},{"type":"Feature","properties":{"Incm_meas":42328.0,"LGA_Name":"Cardinia (S)","ResPop":74175.0,"BsCI_sd":0.78,"LGA2011":21450,"Econ_Rank":108.0,"Incm_rank":205.0,"Econ_SD":0.03,"BuildApp":94303.0,"boundedBy":[145.36401155,-38.33245664,145.76509578,-37.85770058],"State":"Vic","BsCI_meas":3.57,"BsCI_rank":94.0,"BA_rank":96.0,"BA_meas":1.27,"Incm_sd":-0.02,"BA_sd":0.08},"id":"RIA_2011_Economic_Indicators.165"},{"type":"Feature","properties":{"Incm_meas":42552.0,"LGA_Name":"Casey (C)","ResPop":252380.0,"BsCI_sd":0.78,"LGA2011":21610,"Econ_Rank":206.0,"Incm_rank":198.0,"Econ_SD":-0.05,"BuildApp":204577.0,"boundedBy":[145.21492874,-38.24849304,145.43065802,-37.94189029],"State":"Vic","BsCI_meas":3.57,"BsCI_rank":94.0,"BA_rank":206.0,"BA_meas":0.81,"Incm_sd":-0.02,"BA_sd":-0.09},"id":"RIA_2011_Economic_Indicators.166"},{"type":"Feature","properties":{"Incm_meas":32791.0,"LGA_Name":"Central Goldfields (S)","ResPop":12496.0,"BsCI_sd":-0.98,"LGA2011":21670,"Econ_Rank":422.0,"Incm_rank":497.0,"Econ_SD":-0.16,"BuildApp":5530.0,"boundedBy":[143.46335379,-37.23667376,144.01378365,-36.7211133],"State":"Vic","BsCI_meas":3.21,"BsCI_rank":470.0,"BA_rank":356.0,"BA_meas":0.44,"Incm_sd":-0.1,"BA_sd":-0.22},"id":"RIA_2011_Economic_Indicators.167"},{"type":"Feature","properties":{"Incm_meas":34998.0,"LGA_Name":"Colac-Otway (S)","ResPop":20347.0,"BsCI_sd":-0.61,"LGA2011":21750,"Econ_Rank":299.0,"Incm_rank":423.0,"Econ_SD":-0.1,"BuildApp":14789.0,"boundedBy":[143.24729821,-38.85769296,143.94610589,-38.01976204],"State":"Vic","BsCI_meas":3.29,"BsCI_rank":394.0,"BA_rank":230.0,"BA_meas":0.73,"Incm_sd":-0.08,"BA_sd":-0.12},"id":"RIA_2011_Economic_Indicators.168"},{"type":"Feature","properties":{"Incm_meas":33477.0,"LGA_Name":"Corangamite (S)","ResPop":16377.0,"BsCI_sd":-0.61,"LGA2011":21830,"Econ_Rank":427.0,"Incm_rank":483.0,"Econ_SD":-0.16,"BuildApp":6569.0,"boundedBy":[142.81460099,-38.77298802,143.65624755,-37.65892914],"State":"Vic","BsCI_meas":3.29,"BsCI_rank":394.0,"BA_rank":379.0,"BA_meas":0.4,"Incm_sd":-0.1,"BA_sd":-0.23},"id":"RIA_2011_Economic_Indicators.169"},{"type":"Feature","properties":{"Incm_meas":44552.0,"LGA_Name":"Darebin (C)","ResPop":136474.0,"BsCI_sd":-0.08,"LGA2011":21890,"Econ_Rank":224.0,"Incm_rank":172.0,"Econ_SD":-0.06,"BuildApp":97423.0,"boundedBy":[144.97034003,-37.78563096,145.07539773,-37.69099902],"State":"Vic","BsCI_meas":3.4,"BsCI_rank":291.0,"BA_rank":237.0,"BA_meas":0.71,"Incm_sd":0.0,"BA_sd":-0.12},"id":"RIA_2011_Economic_Indicators.170"},{"type":"Feature","properties":{"Incm_meas":34644.0,"LGA_Name":"East Gippsland (S)","ResPop":42193.0,"BsCI_sd":-0.96,"LGA2011":22110,"Econ_Rank":141.0,"Incm_rank":440.0,"Econ_SD":0.0,"BuildApp":54976.0,"boundedBy":[147.18922822,-38.07884808,149.97667901,-36.61242765],"State":"Vic","BsCI_meas":3.21,"BsCI_rank":453.0,"BA_rank":94.0,"BA_meas":1.3,"Incm_sd":-0.09,"BA_sd":0.09},"id":"RIA_2011_Economic_Indicators.171"},{"type":"Feature","properties":{"Incm_meas":41545.0,"LGA_Name":"Frankston (C)","ResPop":126456.0,"BsCI_sd":0.78,"LGA2011":22170,"Econ_Rank":253.0,"Incm_rank":230.0,"Econ_SD":-0.08,"BuildApp":89309.0,"boundedBy":[145.09790496,-38.20065219,145.23958333,-38.06739541],"State":"Vic","BsCI_meas":3.57,"BsCI_rank":94.0,"BA_rank":241.0,"BA_meas":0.71,"Incm_sd":-0.03,"BA_sd":-0.12},"id":"RIA_2011_Economic_Indicators.172"},{"type":"Feature","properties":{"Incm_meas":31979.0,"LGA_Name":"Gannawarra (S)","ResPop":10366.0,"BsCI_sd":-0.98,"LGA2011":22250,"Econ_Rank":495.0,"Incm_rank":516.0,"Econ_SD":-0.2,"BuildApp":2619.0,"boundedBy":[143.28813962,-36.01834457,144.41818326,-35.44588497],"State":"Vic","BsCI_meas":3.21,"BsCI_rank":470.0,"BA_rank":448.0,"BA_meas":0.25,"Incm_sd":-0.11,"BA_sd":-0.28},"id":"RIA_2011_Economic_Indicators.173"},{"type":"Feature","properties":{"Incm_meas":51017.0,"LGA_Name":"Glen Eira (C)","ResPop":131013.0,"BsCI_sd":0.78,"LGA2011":22310,"Econ_Rank":193.0,"Incm_rank":76.0,"Econ_SD":-0.04,"BuildApp":86467.0,"boundedBy":[144.99674525,-37.93875202,145.08523661,-37.86022524],"State":"Vic","BsCI_meas":3.57,"BsCI_rank":94.0,"BA_rank":263.0,"BA_meas":0.66,"Incm_sd":0.05,"BA_sd":-0.14},"id":"RIA_2011_Economic_Indicators.174"},{"type":"Feature","properties":{"Incm_meas":40469.0,"LGA_Name":"Glenelg (S)","ResPop":19575.0,"BsCI_sd":-0.61,"LGA2011":22410,"Econ_Rank":336.0,"Incm_rank":254.0,"Econ_SD":-0.12,"BuildApp":9354.0,"boundedBy":[140.96573514,-38.43296807,141.91900874,-37.34870527],"State":"Vic","BsCI_meas":3.29,"BsCI_rank":394.0,"BA_rank":334.0,"BA_meas":0.48,"Incm_sd":-0.04,"BA_sd":-0.2},"id":"RIA_2011_Economic_Indicators.175"},{"type":"Feature","properties":{"Incm_meas":40464.0,"LGA_Name":"Golden Plains (S)","ResPop":18772.0,"BsCI_sd":0.93,"LGA2011":22490,"Econ_Rank":174.0,"Incm_rank":255.0,"Econ_SD":-0.03,"BuildApp":18454.0,"boundedBy":[143.44055315,-38.146734,144.28648115,-37.55787803],"State":"Vic","BsCI_meas":3.6,"BsCI_rank":76.0,"BA_rank":157.0,"BA_meas":0.98,"Incm_sd":-0.04,"BA_sd":-0.03},"id":"RIA_2011_Economic_Indicators.176"},{"type":"Feature","properties":{"Incm_meas":38095.0,"LGA_Name":"Greater Bendigo (C)","ResPop":100617.0,"BsCI_sd":-0.98,"LGA2011":22620,"Econ_Rank":116.0,"Incm_rank":310.0,"Econ_SD":0.02,"BuildApp":131626.0,"boundedBy":[144.02589914,-37.06038297,144.85356323,-36.38518326],"State":"Vic","BsCI_meas":3.21,"BsCI_rank":470.0,"BA_rank":93.0,"BA_meas":1.31,"Incm_sd":-0.06,"BA_sd":0.09},"id":"RIA_2011_Economic_Indicators.177"},{"type":"Feature","properties":{"Incm_meas":37389.0,"LGA_Name":"Greater Dandenong (C)","ResPop":135605.0,"BsCI_sd":0.78,"LGA2011":22670,"Econ_Rank":104.0,"Incm_rank":333.0,"Econ_SD":0.03,"BuildApp":190464.0,"boundedBy":[145.12959789,-38.07767699,145.25185357,-37.92456135],"State":"Vic","BsCI_meas":3.57,"BsCI_rank":94.0,"BA_rank":74.0,"BA_meas":1.4,"Incm_sd":-0.06,"BA_sd":0.12},"id":"RIA_2011_Economic_Indicators.178"},{"type":"Feature","properties":{"Incm_meas":42236.0,"LGA_Name":"Greater Geelong (C)","ResPop":210873.0,"BsCI_sd":-0.61,"LGA2011":22750,"Econ_Rank":160.0,"Incm_rank":208.0,"Econ_SD":-0.02,"BuildApp":213411.0,"boundedBy":[144.20251987,-38.30259559,144.72021491,-37.80105293],"State":"Vic","BsCI_meas":3.29,"BsCI_rank":394.0,"BA_rank":147.0,"BA_meas":1.01,"Incm_sd":-0.02,"BA_sd":-0.02},"id":"RIA_2011_Economic_Indicators.179"},{"type":"Feature","properties":{"Incm_meas":36274.0,"LGA_Name":"Greater Shepparton (C)","ResPop":60448.0,"BsCI_sd":-1.63,"LGA2011":22830,"Econ_Rank":302.0,"Incm_rank":372.0,"Econ_SD":-0.1,"BuildApp":41324.0,"boundedBy":[145.03184662,-36.7005591,145.79852787,-36.15427519],"State":"Vic","BsCI_meas":3.07,"BsCI_rank":540.0,"BA_rank":251.0,"BA_meas":0.68,"Incm_sd":-0.07,"BA_sd":-0.13},"id":"RIA_2011_Economic_Indicators.180"},{"type":"Feature","properties":{"Incm_meas":37020.0,"LGA_Name":"Hepburn (S)","ResPop":14368.0,"BsCI_sd":0.93,"LGA2011":22910,"Econ_Rank":288.0,"Incm_rank":350.0,"Econ_SD":-0.1,"BuildApp":9982.0,"boundedBy":[143.64805686,-37.48647875,144.41903136,-37.14765977],"State":"Vic","BsCI_meas":3.6,"BsCI_rank":76.0,"BA_rank":247.0,"BA_meas":0.69,"Incm_sd":-0.07,"BA_sd":-0.13},"id":"RIA_2011_Economic_Indicators.181"},{"type":"Feature","properties":{"Incm_meas":32001.0,"LGA_Name":"Hindmarsh (S)","ResPop":5797.0,"BsCI_sd":0.93,"LGA2011":22980,"Econ_Rank":434.0,"Incm_rank":514.0,"Econ_SD":-0.17,"BuildApp":2341.0,"boundedBy":[141.22660704,-36.5674568,142.23903334,-35.49841206],"State":"Vic","BsCI_meas":3.6,"BsCI_rank":76.0,"BA_rank":377.0,"BA_meas":0.4,"Incm_sd":-0.11,"BA_sd":-0.23},"id":"RIA_2011_Economic_Indicators.182"},{"type":"Feature","properties":{"Incm_meas":49015.0,"LGA_Name":"Hobsons Bay (C)","ResPop":83864.0,"BsCI_sd":-0.76,"LGA2011":23110,"Econ_Rank":191.0,"Incm_rank":100.0,"Econ_SD":-0.04,"BuildApp":59523.0,"boundedBy":[144.75143203,-37.90004131,144.91552406,-37.81383345],"State":"Vic","BsCI_meas":3.26,"BsCI_rank":412.0,"BA_rank":239.0,"BA_meas":0.71,"Incm_sd":0.04,"BA_sd":-0.12},"id":"RIA_2011_Economic_Indicators.183"},{"type":"Feature","properties":{"Incm_meas":35598.0,"LGA_Name":"Horsham (RC)","ResPop":19279.0,"BsCI_sd":0.93,"LGA2011":23190,"Econ_Rank":226.0,"Incm_rank":405.0,"Econ_SD":-0.06,"BuildApp":17862.0,"boundedBy":[141.65766272,-37.22447263,142.57129139,-36.43266343],"State":"Vic","BsCI_meas":3.6,"BsCI_rank":76.0,"BA_rank":171.0,"BA_meas":0.93,"Incm_sd":-0.08,"BA_sd":-0.05},"id":"RIA_2011_Economic_Indicators.184"},{"type":"Feature","properties":{"Incm_meas":42688.0,"LGA_Name":"Hume (C)","ResPop":167563.0,"BsCI_sd":-0.08,"LGA2011":23270,"Econ_Rank":100.0,"Incm_rank":196.0,"Econ_SD":0.03,"BuildApp":216136.0,"boundedBy":[144.63240931,-37.71241947,144.97781293,-37.48191108],"State":"Vic","BsCI_meas":3.4,"BsCI_rank":291.0,"BA_rank":95.0,"BA_meas":1.29,"Incm_sd":-0.02,"BA_sd":0.08},"id":"RIA_2011_Economic_Indicators.185"},{"type":"Feature","properties":{"Incm_meas":39411.0,"LGA_Name":"Indigo (S)","ResPop":15179.0,"BsCI_sd":-1.63,"LGA2011":23350,"Econ_Rank":330.0,"Incm_rank":281.0,"Econ_SD":-0.12,"BuildApp":7854.0,"boundedBy":[146.17516813,-36.45922296,147.19740058,-35.9578648],"State":"Vic","BsCI_meas":3.07,"BsCI_rank":540.0,"BA_rank":319.0,"BA_meas":0.52,"Incm_sd":-0.05,"BA_sd":-0.19},"id":"RIA_2011_Economic_Indicators.186"},{"type":"Feature","properties":{"Incm_meas":46660.0,"LGA_Name":"Kingston (C)","ResPop":142426.0,"BsCI_sd":0.78,"LGA2011":23430,"Econ_Rank":237.0,"Incm_rank":132.0,"Econ_SD":-0.07,"BuildApp":89613.0,"boundedBy":[145.03437347,-38.08499998,145.15625366,-37.92399794],"State":"Vic","BsCI_meas":3.57,"BsCI_rank":94.0,"BA_rank":271.0,"BA_meas":0.63,"Incm_sd":0.02,"BA_sd":-0.15},"id":"RIA_2011_Economic_Indicators.187"},{"type":"Feature","properties":{"Incm_meas":44691.0,"LGA_Name":"Knox (C)","ResPop":149301.0,"BsCI_sd":-0.73,"LGA2011":23670,"Econ_Rank":359.0,"Incm_rank":170.0,"Econ_SD":-0.13,"BuildApp":46497.0,"boundedBy":[145.19084534,-37.96486812,145.34761933,-37.83303323],"State":"Vic","BsCI_meas":3.26,"BsCI_rank":405.0,"BA_rank":418.0,"BA_meas":0.31,"Incm_sd":0.0,"BA_sd":-0.26},"id":"RIA_2011_Economic_Indicators.188"},{"type":"Feature","properties":{"Incm_meas":45249.0,"LGA_Name":"Latrobe (C)","ResPop":72395.0,"BsCI_sd":-0.96,"LGA2011":23810,"Econ_Rank":316.0,"Incm_rank":158.0,"Econ_SD":-0.11,"BuildApp":30311.0,"boundedBy":[146.21050794,-38.53645947,146.71197165,-37.97112082],"State":"Vic","BsCI_meas":3.21,"BsCI_rank":453.0,"BA_rank":369.0,"BA_meas":0.42,"Incm_sd":0.0,"BA_sd":-0.23},"id":"RIA_2011_Economic_Indicators.189"},{"type":"Feature","properties":{"Incm_meas":31830.0,"LGA_Name":"Loddon (S)","ResPop":7460.0,"BsCI_sd":-0.98,"LGA2011":23940,"Econ_Rank":497.0,"Incm_rank":523.0,"Econ_SD":-0.2,"BuildApp":1841.0,"boundedBy":[143.3151936,-36.90225572,144.34409376,-35.90586531],"State":"Vic","BsCI_meas":3.21,"BsCI_rank":470.0,"BA_rank":449.0,"BA_meas":0.25,"Incm_sd":-0.11,"BA_sd":-0.29},"id":"RIA_2011_Economic_Indicators.190"},{"type":"Feature","properties":{"Incm_meas":47247.0,"LGA_Name":"Macedon Ranges (S)","ResPop":41860.0,"BsCI_sd":-0.98,"LGA2011":24130,"Econ_Rank":242.0,"Incm_rank":127.0,"Econ_SD":-0.07,"BuildApp":25031.0,"boundedBy":[144.31039955,-37.5677217,144.92123066,-37.09912969],"State":"Vic","BsCI_meas":3.21,"BsCI_rank":470.0,"BA_rank":282.0,"BA_meas":0.6,"Incm_sd":0.02,"BA_sd":-0.16},"id":"RIA_2011_Economic_Indicators.191"},{"type":"Feature","properties":{"Incm_meas":49554.0,"LGA_Name":"Manningham (C)","ResPop":111301.0,"BsCI_sd":-0.73,"LGA2011":24210,"Econ_Rank":230.0,"Incm_rank":95.0,"Econ_SD":-0.06,"BuildApp":64432.0,"boundedBy":[145.06711258,-37.8117661,145.29393216,-37.7024431],"State":"Vic","BsCI_meas":3.26,"BsCI_rank":405.0,"BA_rank":290.0,"BA_meas":0.58,"Incm_sd":0.04,"BA_sd":-0.17},"id":"RIA_2011_Economic_Indicators.192"},{"type":"Feature","properties":{"Incm_meas":32900.0,"LGA_Name":"Mansfield (S)","ResPop":7891.0,"BsCI_sd":-1.63,"LGA2011":24250,"Econ_Rank":295.0,"Incm_rank":492.0,"Econ_SD":-0.1,"BuildApp":6190.0,"boundedBy":[145.6486776,-37.62942991,146.64739357,-36.8531698],"State":"Vic","BsCI_meas":3.07,"BsCI_rank":540.0,"BA_rank":211.0,"BA_meas":0.78,"Incm_sd":-0.1,"BA_sd":-0.1},"id":"RIA_2011_Economic_Indicators.193"},{"type":"Feature","properties":{"Incm_meas":45732.0,"LGA_Name":"Maribyrnong (C)","ResPop":71633.0,"BsCI_sd":-0.76,"LGA2011":24330,"Econ_Rank":10.0,"Incm_rank":148.0,"Econ_SD":1.01,"BuildApp":481328.0,"boundedBy":[144.83922397,-37.82700029,144.91650109,-37.75582739],"State":"Vic","BsCI_meas":3.26,"BsCI_rank":412.0,"BA_rank":10.0,"BA_meas":6.72,"Incm_sd":0.01,"BA_sd":2.01},"id":"RIA_2011_Economic_Indicators.194"},{"type":"Feature","properties":{"Incm_meas":44827.0,"LGA_Name":"Maroondah (C)","ResPop":103840.0,"BsCI_sd":-0.73,"LGA2011":24410,"Econ_Rank":225.0,"Incm_rank":165.0,"Econ_SD":-0.06,"BuildApp":73304.0,"boundedBy":[145.21332851,-37.8439188,145.31872678,-37.76184464],"State":"Vic","BsCI_meas":3.26,"BsCI_rank":405.0,"BA_rank":242.0,"BA_meas":0.71,"Incm_sd":0.0,"BA_sd":-0.12},"id":"RIA_2011_Economic_Indicators.195"},{"type":"Feature","properties":{"Incm_meas":51459.0,"LGA_Name":"Melbourne (C)","ResPop":93625.0,"BsCI_sd":-0.76,"LGA2011":24600,"Econ_Rank":6.0,"Incm_rank":72.0,"Econ_SD":1.48,"BuildApp":863257.0,"boundedBy":[144.8970929,-37.85066738,144.99135107,-37.7754481],"State":"Vic","BsCI_meas":3.26,"BsCI_rank":412.0,"BA_rank":6.0,"BA_meas":9.22,"Incm_sd":0.06,"BA_sd":2.89},"id":"RIA_2011_Economic_Indicators.196"},{"type":"Feature","properties":{"Incm_meas":43307.0,"LGA_Name":"Melton (S)","ResPop":109258.0,"BsCI_sd":-0.76,"LGA2011":24650,"Econ_Rank":110.0,"Incm_rank":187.0,"Econ_SD":0.02,"BuildApp":134562.0,"boundedBy":[144.47767789,-37.81046296,144.7681511,-37.55241674],"State":"Vic","BsCI_meas":3.26,"BsCI_rank":412.0,"BA_rank":100.0,"BA_meas":1.23,"Incm_sd":-0.01,"BA_sd":0.06},"id":"RIA_2011_Economic_Indicators.197"},{"type":"Feature","properties":{"Incm_meas":35876.0,"LGA_Name":"Mildura (RC)","ResPop":50979.0,"BsCI_sd":-0.98,"LGA2011":24780,"Econ_Rank":243.0,"Incm_rank":386.0,"Econ_SD":-0.07,"BuildApp":44468.0,"boundedBy":[140.96168198,-35.74858283,142.74296192,-33.98042559],"State":"Vic","BsCI_meas":3.21,"BsCI_rank":470.0,"BA_rank":186.0,"BA_meas":0.87,"Incm_sd":-0.08,"BA_sd":-0.07},"id":"RIA_2011_Economic_Indicators.198"},{"type":"Feature","properties":{"Incm_meas":41651.0,"LGA_Name":"Mitchell (S)","ResPop":34637.0,"BsCI_sd":-1.63,"LGA2011":24850,"Econ_Rank":129.0,"Incm_rank":225.0,"Econ_SD":0.0,"BuildApp":40137.0,"boundedBy":[144.53042688,-37.51538999,145.42954573,-36.83531898],"State":"Vic","BsCI_meas":3.07,"BsCI_rank":540.0,"BA_rank":115.0,"BA_meas":1.16,"Incm_sd":-0.03,"BA_sd":0.04},"id":"RIA_2011_Economic_Indicators.199"},{"type":"Feature","properties":{"Incm_meas":34851.0,"LGA_Name":"Moira (S)","ResPop":28124.0,"BsCI_sd":-1.63,"LGA2011":24900,"Econ_Rank":311.0,"Incm_rank":431.0,"Econ_SD":-0.11,"BuildApp":19102.0,"boundedBy":[144.82976477,-36.29921572,146.24654659,-35.80198254],"State":"Vic","BsCI_meas":3.07,"BsCI_rank":540.0,"BA_rank":255.0,"BA_meas":0.68,"Incm_sd":-0.09,"BA_sd":-0.13},"id":"RIA_2011_Economic_Indicators.200"},{"type":"Feature","properties":{"Incm_meas":45772.0,"LGA_Name":"Monash (C)","ResPop":169284.0,"BsCI_sd":-0.73,"LGA2011":24970,"Econ_Rank":176.0,"Incm_rank":146.0,"Econ_SD":-0.03,"BuildApp":143284.0,"boundedBy":[145.07416666,-37.94014781,145.22010934,-37.85334956],"State":"Vic","BsCI_meas":3.26,"BsCI_rank":405.0,"BA_rank":197.0,"BA_meas":0.85,"Incm_sd":0.01,"BA_sd":-0.07},"id":"RIA_2011_Economic_Indicators.201"},{"type":"Feature","properties":{"Incm_meas":50478.0,"LGA_Name":"Moonee Valley (C)","ResPop":107443.0,"BsCI_sd":-0.76,"LGA2011":25060,"Econ_Rank":152.0,"Incm_rank":78.0,"Econ_SD":-0.01,"BuildApp":91333.0,"boundedBy":[144.84613549,-37.78962574,144.94036211,-37.70919734],"State":"Vic","BsCI_meas":3.26,"BsCI_rank":412.0,"BA_rank":196.0,"BA_meas":0.85,"Incm_sd":0.05,"BA_sd":-0.07},"id":"RIA_2011_Economic_Indicators.202"},{"type":"Feature","properties":{"Incm_meas":43219.0,"LGA_Name":"Moorabool (S)","ResPop":28125.0,"BsCI_sd":0.93,"LGA2011":25150,"Econ_Rank":131.0,"Incm_rank":190.0,"Econ_SD":0.0,"BuildApp":31423.0,"boundedBy":[143.882692,-37.86424704,144.55622522,-37.40251779],"State":"Vic","BsCI_meas":3.6,"BsCI_rank":76.0,"BA_rank":121.0,"BA_meas":1.12,"Incm_sd":-0.01,"BA_sd":0.02},"id":"RIA_2011_Economic_Indicators.203"},{"type":"Feature","properties":{"Incm_meas":44710.0,"LGA_Name":"Moreland (C)","ResPop":147243.0,"BsCI_sd":-0.08,"LGA2011":25250,"Econ_Rank":94.0,"Incm_rank":169.0,"Econ_SD":0.05,"BuildApp":193366.0,"boundedBy":[144.88622691,-37.78020819,144.98866691,-37.69093971],"State":"Vic","BsCI_meas":3.4,"BsCI_rank":291.0,"BA_rank":92.0,"BA_meas":1.31,"Incm_sd":0.0,"BA_sd":0.09},"id":"RIA_2011_Economic_Indicators.204"},{"type":"Feature","properties":{"Incm_meas":42309.0,"LGA_Name":"Mornington Peninsula (S)","ResPop":144608.0,"BsCI_sd":0.78,"LGA2011":25340,"Econ_Rank":167.0,"Incm_rank":206.0,"Econ_SD":-0.03,"BuildApp":140219.0,"boundedBy":[144.65141181,-38.50298802,145.26173088,-38.16240442],"State":"Vic","BsCI_meas":3.57,"BsCI_rank":94.0,"BA_rank":161.0,"BA_meas":0.97,"Incm_sd":-0.02,"BA_sd":-0.03},"id":"RIA_2011_Economic_Indicators.205"},{"type":"Feature","properties":{"Incm_meas":35890.0,"LGA_Name":"Mount Alexander (S)","ResPop":17592.0,"BsCI_sd":-0.98,"LGA2011":25430,"Econ_Rank":235.0,"Incm_rank":384.0,"Econ_SD":-0.07,"BuildApp":15830.0,"boundedBy":[143.83063805,-37.27024148,144.5458576,-36.88190145],"State":"Vic","BsCI_meas":3.21,"BsCI_rank":470.0,"BA_rank":178.0,"BA_meas":0.9,"Incm_sd":-0.08,"BA_sd":-0.06},"id":"RIA_2011_Economic_Indicators.206"},{"type":"Feature","properties":{"Incm_meas":34058.0,"LGA_Name":"Moyne (S)","ResPop":15956.0,"BsCI_sd":-0.61,"LGA2011":25490,"Econ_Rank":218.0,"Incm_rank":458.0,"Econ_SD":-0.06,"BuildApp":15749.0,"boundedBy":[141.8170687,-38.61015766,143.10728061,-37.76555101],"State":"Vic","BsCI_meas":3.29,"BsCI_rank":394.0,"BA_rank":154.0,"BA_meas":0.99,"Incm_sd":-0.09,"BA_sd":-0.02},"id":"RIA_2011_Economic_Indicators.207"},{"type":"Feature","properties":{"Incm_meas":36889.0,"LGA_Name":"Murrindindi (S)","ResPop":13057.0,"BsCI_sd":-1.63,"LGA2011":25620,"Econ_Rank":284.0,"Incm_rank":354.0,"Econ_SD":-0.09,"BuildApp":9357.0,"boundedBy":[145.16273402,-37.62419545,146.18600496,-36.93787542],"State":"Vic","BsCI_meas":3.07,"BsCI_rank":540.0,"BA_rank":235.0,"BA_meas":0.72,"Incm_sd":-0.07,"BA_sd":-0.12},"id":"RIA_2011_Economic_Indicators.208"},{"type":"Feature","properties":{"Incm_meas":49672.0,"LGA_Name":"Nillumbik (S)","ResPop":60344.0,"BsCI_sd":-0.08,"LGA2011":25710,"Econ_Rank":320.0,"Incm_rank":94.0,"Econ_SD":-0.11,"BuildApp":17913.0,"boundedBy":[145.06769024,-37.74174084,145.36641178,-37.487739],"State":"Vic","BsCI_meas":3.4,"BsCI_rank":291.0,"BA_rank":429.0,"BA_meas":0.3,"Incm_sd":0.04,"BA_sd":-0.27},"id":"RIA_2011_Economic_Indicators.209"},{"type":"Feature","properties":{"Incm_meas":35624.0,"LGA_Name":"Northern Grampians (S)","ResPop":11844.0,"BsCI_sd":0.93,"LGA2011":25810,"Econ_Rank":475.0,"Incm_rank":402.0,"Econ_SD":-0.19,"BuildApp":2433.0,"boundedBy":[142.23504602,-37.29386589,143.51101702,-36.40536261],"State":"Vic","BsCI_meas":3.6,"BsCI_rank":76.0,"BA_rank":467.0,"BA_meas":0.21,"Incm_sd":-0.08,"BA_sd":-0.3},"id":"RIA_2011_Economic_Indicators.210"},{"type":"Feature","properties":{"Incm_meas":60942.0,"LGA_Name":"Port Phillip (C)","ResPop":91369.0,"BsCI_sd":0.78,"LGA2011":25900,"Econ_Rank":90.0,"Incm_rank":32.0,"Econ_SD":0.05,"BuildApp":88610.0,"boundedBy":[144.91247978,-37.89173664,145.01052163,-37.82573361],"State":"Vic","BsCI_meas":3.57,"BsCI_rank":94.0,"BA_rank":160.0,"BA_meas":0.97,"Incm_sd":0.14,"BA_sd":-0.03},"id":"RIA_2011_Economic_Indicators.211"},{"type":"Feature","properties":{"Incm_meas":34019.0,"LGA_Name":"Pyrenees (S)","ResPop":6668.0,"BsCI_sd":0.93,"LGA2011":25990,"Econ_Rank":47.0,"Incm_rank":460.0,"Econ_SD":0.2,"BuildApp":16246.0,"boundedBy":[143.06088998,-37.75745047,143.66855882,-36.89766376],"State":"Vic","BsCI_meas":3.6,"BsCI_rank":76.0,"BA_rank":39.0,"BA_meas":2.44,"Incm_sd":-0.09,"BA_sd":0.49},"id":"RIA_2011_Economic_Indicators.212"},{"type":"Feature","properties":{"Incm_meas":41450.0,"LGA_Name":"Queenscliffe (B)","ResPop":2998.0,"BsCI_sd":-0.61,"LGA2011":26080,"Econ_Rank":48.0,"Incm_rank":233.0,"Econ_SD":0.2,"BuildApp":6719.0,"boundedBy":[144.6007449,-38.29225287,144.70213747,-38.23756774],"State":"Vic","BsCI_meas":3.29,"BsCI_rank":394.0,"BA_rank":42.0,"BA_meas":2.24,"Incm_sd":-0.03,"BA_sd":0.42},"id":"RIA_2011_Economic_Indicators.213"},{"type":"Feature","properties":{"Incm_meas":36603.0,"LGA_Name":"South Gippsland (S)","ResPop":27210.0,"BsCI_sd":-0.96,"LGA2011":26170,"Econ_Rank":148.0,"Incm_rank":361.0,"Econ_SD":-0.01,"BuildApp":33221.0,"boundedBy":[145.60568352,-39.13674006,146.52835027,-38.26120536],"State":"Vic","BsCI_meas":3.21,"BsCI_rank":453.0,"BA_rank":102.0,"BA_meas":1.22,"Incm_sd":-0.07,"BA_sd":0.06},"id":"RIA_2011_Economic_Indicators.214"},{"type":"Feature","properties":{"Incm_meas":34070.0,"LGA_Name":"Southern Grampians (S)","ResPop":16361.0,"BsCI_sd":-0.61,"LGA2011":26260,"Econ_Rank":396.0,"Incm_rank":456.0,"Econ_SD":-0.15,"BuildApp":7725.0,"boundedBy":[141.43150608,-37.97279812,142.61914387,-37.08697358],"State":"Vic","BsCI_meas":3.29,"BsCI_rank":394.0,"BA_rank":338.0,"BA_meas":0.47,"Incm_sd":-0.09,"BA_sd":-0.21},"id":"RIA_2011_Economic_Indicators.215"},{"type":"Feature","properties":{"Incm_meas":63775.0,"LGA_Name":"Stonnington (C)","ResPop":93143.0,"BsCI_sd":0.78,"LGA2011":26350,"Econ_Rank":74.0,"Incm_rank":28.0,"Econ_SD":0.08,"BuildApp":97175.0,"boundedBy":[144.98332163,-37.89297643,145.09220157,-37.82962211],"State":"Vic","BsCI_meas":3.57,"BsCI_rank":94.0,"BA_rank":139.0,"BA_meas":1.04,"Incm_sd":0.16,"BA_sd":0.0},"id":"RIA_2011_Economic_Indicators.216"},{"type":"Feature","properties":{"Incm_meas":34817.0,"LGA_Name":"Strathbogie (S)","ResPop":9485.0,"BsCI_sd":-1.63,"LGA2011":26430,"Econ_Rank":221.0,"Incm_rank":434.0,"Econ_SD":-0.06,"BuildApp":9060.0,"boundedBy":[144.78476653,-37.02342365,145.87398541,-36.42460812],"State":"Vic","BsCI_meas":3.07,"BsCI_rank":540.0,"BA_rank":167.0,"BA_meas":0.96,"Incm_sd":-0.09,"BA_sd":-0.04},"id":"RIA_2011_Economic_Indicators.217"},{"type":"Feature","properties":{"Incm_meas":43045.0,"LGA_Name":"Surf Coast (S)","ResPop":25868.0,"BsCI_sd":-0.61,"LGA2011":26490,"Econ_Rank":73.0,"Incm_rank":191.0,"Econ_SD":0.08,"BuildApp":40581.0,"boundedBy":[143.82453238,-38.57941757,144.4060591,-38.10052],"State":"Vic","BsCI_meas":3.29,"BsCI_rank":394.0,"BA_rank":67.0,"BA_meas":1.57,"Incm_sd":-0.01,"BA_sd":0.18},"id":"RIA_2011_Economic_Indicators.218"},{"type":"Feature","properties":{"Incm_meas":32873.0,"LGA_Name":"Swan Hill (RC)","ResPop":20448.0,"BsCI_sd":-0.98,"LGA2011":26610,"Econ_Rank":466.0,"Incm_rank":493.0,"Econ_SD":-0.18,"BuildApp":6276.0,"boundedBy":[142.51704432,-35.65482444,143.81914054,-34.54638711],"State":"Vic","BsCI_meas":3.21,"BsCI_rank":470.0,"BA_rank":420.0,"BA_meas":0.31,"Incm_sd":-0.1,"BA_sd":-0.27},"id":"RIA_2011_Economic_Indicators.219"},{"type":"Feature","properties":{"Incm_meas":36433.0,"LGA_Name":"Towong (S)","ResPop":5889.0,"BsCI_sd":-1.63,"LGA2011":26670,"Econ_Rank":399.0,"Incm_rank":367.0,"Econ_SD":-0.15,"BuildApp":2424.0,"boundedBy":[147.03366666,-36.803203,148.2206847,-35.92854481],"State":"Vic","BsCI_meas":3.07,"BsCI_rank":540.0,"BA_rank":371.0,"BA_meas":0.41,"Incm_sd":-0.07,"BA_sd":-0.23},"id":"RIA_2011_Economic_Indicators.220"},{"type":"Feature","properties":{"Incm_meas":35712.0,"LGA_Name":"Wangaratta (RC)","ResPop":26814.0,"BsCI_sd":-1.63,"LGA2011":26700,"Econ_Rank":312.0,"Incm_rank":396.0,"Econ_SD":-0.11,"BuildApp":17643.0,"boundedBy":[146.13099766,-37.16259148,146.72578106,-36.06938128],"State":"Vic","BsCI_meas":3.07,"BsCI_rank":540.0,"BA_rank":264.0,"BA_meas":0.66,"Incm_sd":-0.08,"BA_sd":-0.14},"id":"RIA_2011_Economic_Indicators.221"},{"type":"Feature","properties":{"Incm_meas":36660.0,"LGA_Name":"Warrnambool (C)","ResPop":32026.0,"BsCI_sd":-0.61,"LGA2011":26730,"Econ_Rank":204.0,"Incm_rank":359.0,"Econ_SD":-0.05,"BuildApp":30706.0,"boundedBy":[142.42235616,-38.45014395,142.62095408,-38.30622825],"State":"Vic","BsCI_meas":3.29,"BsCI_rank":394.0,"BA_rank":166.0,"BA_meas":0.96,"Incm_sd":-0.07,"BA_sd":-0.03},"id":"RIA_2011_Economic_Indicators.222"},{"type":"Feature","properties":{"Incm_meas":42510.0,"LGA_Name":"Wellington (S)","ResPop":41441.0,"BsCI_sd":-0.96,"LGA2011":26810,"Econ_Rank":303.0,"Incm_rank":203.0,"Econ_SD":-0.1,"BuildApp":21881.0,"boundedBy":[146.31127418,-38.95532465,147.72266048,-37.11997915],"State":"Vic","BsCI_meas":3.21,"BsCI_rank":453.0,"BA_rank":308.0,"BA_meas":0.53,"Incm_sd":-0.02,"BA_sd":-0.19},"id":"RIA_2011_Economic_Indicators.223"},{"type":"Feature","properties":{"Incm_meas":31558.0,"LGA_Name":"West Wimmera (S)","ResPop":4251.0,"BsCI_sd":0.93,"LGA2011":26890,"Econ_Rank":530.0,"Incm_rank":534.0,"Econ_SD":-0.23,"BuildApp":451.0,"boundedBy":[140.96310342,-37.44988164,141.83767485,-35.7485314],"State":"Vic","BsCI_meas":3.6,"BsCI_rank":76.0,"BA_rank":491.0,"BA_meas":0.11,"Incm_sd":-0.11,"BA_sd":-0.34},"id":"RIA_2011_Economic_Indicators.224"},{"type":"Feature","properties":{"Incm_meas":48385.0,"LGA_Name":"Whitehorse (C)","ResPop":151334.0,"BsCI_sd":-0.73,"LGA2011":26980,"Econ_Rank":113.0,"Incm_rank":107.0,"Econ_SD":0.02,"BuildApp":163589.0,"boundedBy":[145.09511101,-37.86520662,145.21353024,-37.79215911],"State":"Vic","BsCI_meas":3.26,"BsCI_rank":405.0,"BA_rank":128.0,"BA_meas":1.08,"Incm_sd":0.03,"BA_sd":0.01},"id":"RIA_2011_Economic_Indicators.225"},{"type":"Feature","properties":{"Incm_meas":41778.0,"LGA_Name":"Whittlesea (C)","ResPop":154880.0,"BsCI_sd":-0.08,"LGA2011":27070,"Econ_Rank":72.0,"Incm_rank":222.0,"Econ_SD":0.08,"BuildApp":247966.0,"boundedBy":[144.94646051,-37.69998255,145.24103571,-37.40175036],"State":"Vic","BsCI_meas":3.4,"BsCI_rank":291.0,"BA_rank":62.0,"BA_meas":1.6,"Incm_sd":-0.03,"BA_sd":0.19},"id":"RIA_2011_Economic_Indicators.226"},{"type":"Feature","properties":{"Incm_meas":40275.0,"LGA_Name":"Wodonga (RC)","ResPop":35518.0,"BsCI_sd":-1.63,"LGA2011":27170,"Econ_Rank":106.0,"Incm_rank":264.0,"Econ_SD":0.03,"BuildApp":47193.0,"boundedBy":[146.70246147,-36.25962751,147.07390278,-36.02975441],"State":"Vic","BsCI_meas":3.07,"BsCI_rank":540.0,"BA_rank":88.0,"BA_meas":1.33,"Incm_sd":-0.04,"BA_sd":0.1},"id":"RIA_2011_Economic_Indicators.227"},{"type":"Feature","properties":{"Incm_meas":46318.0,"LGA_Name":"Wyndham (C)","ResPop":161577.0,"BsCI_sd":-0.76,"LGA2011":27260,"Econ_Rank":35.0,"Incm_rank":139.0,"Econ_SD":0.27,"BuildApp":406390.0,"boundedBy":[144.44405299,-38.00458055,144.82741443,-37.7810127],"State":"Vic","BsCI_meas":3.26,"BsCI_rank":412.0,"BA_rank":35.0,"BA_meas":2.52,"Incm_sd":0.01,"BA_sd":0.52},"id":"RIA_2011_Economic_Indicators.228"},{"type":"Feature","properties":{"Incm_meas":54992.0,"LGA_Name":"Yarra (C)","ResPop":74091.0,"BsCI_sd":-0.08,"LGA2011":27350,"Econ_Rank":89.0,"Incm_rank":51.0,"Econ_SD":0.05,"BuildApp":82637.0,"boundedBy":[144.9614729,-37.83451913,145.0452823,-37.77530776],"State":"Vic","BsCI_meas":3.4,"BsCI_rank":291.0,"BA_rank":123.0,"BA_meas":1.12,"Incm_sd":0.09,"BA_sd":0.02},"id":"RIA_2011_Economic_Indicators.229"},{"type":"Feature","properties":{"Incm_meas":42196.0,"LGA_Name":"Yarra Ranges (S)","ResPop":144541.0,"BsCI_sd":-0.73,"LGA2011":27450,"Econ_Rank":360.0,"Incm_rank":211.0,"Econ_SD":-0.13,"BuildApp":53389.0,"boundedBy":[145.28166554,-37.9750278,146.19250211,-37.52509013],"State":"Vic","BsCI_meas":3.26,"BsCI_rank":405.0,"BA_rank":388.0,"BA_meas":0.37,"Incm_sd":-0.02,"BA_sd":-0.24},"id":"RIA_2011_Economic_Indicators.230"},{"type":"Feature","properties":{"Incm_meas":30035.0,"LGA_Name":"Yarriambiack (S)","ResPop":7090.0,"BsCI_sd":0.93,"LGA2011":27630,"Econ_Rank":510.0,"Incm_rank":553.0,"Econ_SD":-0.21,"BuildApp":1569.0,"boundedBy":[141.99222205,-36.76149871,142.81681312,-35.29086398],"State":"Vic","BsCI_meas":3.6,"BsCI_rank":76.0,"BA_rank":460.0,"BA_meas":0.22,"Incm_sd":-0.13,"BA_sd":-0.3},"id":"RIA_2011_Economic_Indicators.231"}]}